geoid,countyfp,prc_caraccess_final,unreliable_flag,prc_pov_final,prc_pov_final_unreliable_flag,prcdisabled_final,prcdisabled_final_unreliable_flag,prc_black,prc_black_unreliable_flag,prc_latino,prc_latino_unreliable_flag,prc_poplatino_final,prc_poplatino_final_unreliable_flag,pop10,areakm,popdens,prc_nonengprof_final,prc_nonengprof_final_unreliable_flag,vbm_rate_youth,vbm_rate_asn,vbm_rate_tot,job_dens,prc_asian,prc_asian_unreliable_flag,prc_youth_final,prc_youth_final_unreliable_flag,pollvoter_dens,tot_elignonreg_prc_final,vbm_rate_lat,prc_white,prc_white_unreliable_flag,cvapdens
6039000300,39,0.895694135115,0,0.35624857728200005,0,0.12950402713,0,0.033862076724041,1,0.521543480706,0,0.521543480706,0,8213,9.86237841748,832.7605829280002,0.225826811411,0,0.576038914696,0.731459439939,0.6450515709610001,0.0667293675053,0.0030374620317246,1,0.118348520643,0,0.0508167744066,0.4592274613,0.622043301589,0.399257509281134,0,0.0547860010177
6039000106,39,0.998462327012,0,0.14011627907,0,0.153930530165,0,0.00155038759689922,1,0.108139534884,0,0.108139534884,0,5021,56.9138856536,88.2210016473,0.018606574322900003,1,0.659795342957,0.830966385615,0.6813983659810001,0.0119445097578,0.00988372093023256,1,0.0467054263566,0,0.0717679846747,0.152208836045,0.610924169085,0.843217054263566,0,0.04517442189180002
6039000108,39,0.951074870274,0,0.164304221917,0,0.119696969697,0,0.00941676792223572,1,0.0299210206561,0,0.0299210206561,0,7068,287.033910086,24.6242682541,0.012115093387200002,1,0.717034747853,0.8036474572910001,0.727944123876,0.0197037385375,0.008505467800729041,1,0.0458687727825,0,0.0671851864989,0.284198086538,0.660671103956,0.897174969623329,0,0.0588002487703
6039000201,39,0.919389978214,0,0.28305647840500003,0,0.27990430621999995,0,0.20098569539608105,0,0.4377930039670001,0,0.4377930039670001,0,9049,105.21292904,86.00654009540001,0.0638949671772,0,0.709333693664,0.653378390924,0.666716955214,0.0564307547613,0.0245221781464118,0,0.0815001803101,0,0.0109946106742,0.603623621262,0.618446255499,0.289698281043395,0,0.0776841748177
6039000109,39,0.991001124859,0,0.0784494693124,0,0.17071057192400002,0,0.00321248279027077,1,0.165672326755,0,0.165672326755,0,2392,727.181982664,3.28941043236,0.0376207422471,1,0.650620047891,0.937150317046,0.7497683083319999,0.005407947331300001,0.0114731528223956,1,0.058742542450699986,0,0.020426755163900003,0.283592289855,0.778373587269,0.7457549334557141,0,0.0195058517555
6039000604,39,0.8426150121070001,0,0.349214569308,0,0.118513969911,0,0.0121658670322138,1,0.9285469499660001,0,0.928546949966,0,5467,1.76553689221,3096.50850352,0.502752654345,0,0.586230382101,0.732050139876,0.650695960304,0.0083235363273,0.0,1,0.133481836875,0,0.0135828059106,0.3813463103450001,0.612170339538,0.0486634681288554,0,0.0163962232148
6039000603,39,0.908199018921,0,0.390152162763,0,0.0955392809587,0,0.0309435238417315,1,0.866925938451,0,0.866925938451,0,5585,1.20781513164,4624.05202062,0.332848535217,0,0.74607946343,0.771837221182,0.657663763099,0.00587820362097,0.0109908691241123,1,0.131383158607,0,0.0136357311389,0.5168608312340001,0.662430053192,0.0644234020967197,1,0.022445864194
6039000800,39,0.7961060032449999,0,0.336690424543,0,0.109424233744,0,0.00254072634882678,1,0.8166193394110001,0,0.8166193394110001,0,7027,2.8169921451599995,2494.50464818,0.32038206249,0,0.731620396652,0.8564582913330001,0.693605934298,0.10886433106,0.0,1,0.127036317441,0,0.0158730369557,0.580438025135,0.6710277310849999,0.171872664773576,0,0.0314920563125
6039000900,39,0.889938592348,0,0.357758162289,0,0.11228136167,0,0.0196745719451239,1,0.911942996916,0,0.911942996916,0,9612,3.82460415495,2513.20126491,0.488385734397,0,0.706198545122,0.6878605253810001,0.669167159759,0.019891841053400004,0.0170158460065936,1,0.131660108476,0,0.0245937848093,0.438648109029,0.666256557601,0.0274380516856322,0,0.0331882173348
6039000506,39,0.967378410439,0,0.165618448637,0,0.114649681529,0,0.0309973045822102,1,0.745582509733,0,0.745582509733,0,6438,42.2542789027,152.36326751299998,0.197689989956,0,0.667539874839,0.681679116647,0.661583103737,0.0184810721843,0.0197663971248877,1,0.118149146451,0,0.043125880866400006,0.340310055866,0.633595258596,0.192422881102126,0,0.040481709730300006
6039000508,39,0.924985574149,0,0.253408761242,0,0.170138017566,0,0.010455764075067,1,0.577479892761,0,0.577479892761,0,6878,108.97218281399999,63.1170251196,0.210489214719,0,0.720032826044,0.796170489707,0.702393723791,0.0536562426522,0.0308310991957105,1,0.128820375335,0,0.0463761180494,0.37845193128,0.660968063792,0.352144772117962,0,0.0477186634251
6039000102,39,0.966337782937,0,0.146142433234,0,0.119198827553,0,0.006891459512675361,1,0.148166379523,0,0.148166379523,0,4163,1791.84332358,2.3233058076,0.0115606936416,1,0.679508920523,0.764250577567,0.7175603092630001,0.0273689160593,0.0024612355402412,1,0.0743293133153,0,0.0456311489736,0.275898492537,0.633897483194,0.678070391336451,0,0.0378809294962
6039000502,39,0.909472212513,0,0.211110162983,0,0.107572310692,0,0.020735557641437,0,0.8126119976109999,0,0.8126119976109999,0,10473,10.761863740299999,973.158576683,0.226775431862,0,0.667193454027,0.7145037872930001,0.670183414007,0.108723254174,0.0213328782319311,1,0.12543732400399998,0,0.0487178132927,0.411536760427,0.657189629087,0.12688795972352598,0,0.0582914004636
6039000103,39,0.951973371374,0,0.237574552684,0,0.06818181818180001,0,0.0,1,0.146619496855,1,0.146619496855,1,5033,663.029179152,7.590917803099999,0.00396328744264,1,0.696204852211,0.742194339589,0.722693945258,0.0428873736186,0.004127358490566039,1,0.0369496855346,1,0.0596677727003,0.196441825,0.742520406097,0.842963836477987,0,0.0452309605925
6039001000,39,0.98434564809,0,0.1515704154,0,0.0895700636943,0,0.00400962309542903,1,0.530473135525,0,0.530473135525,0,5319,373.952037569,14.2237492128,0.175920276591,0,0.7611145088529999,0.783816213477,0.7318426005550001,0.065741829297,0.0246591820368885,1,0.10084202085,0,0.0387684485322,0.254799296236,0.662962299314,0.419807538091419,0,0.0345451461525
6039000503,39,0.978359511344,0,0.08524552547039999,0,0.122250340666,0,0.0209734412401687,1,0.5730080930129999,0,0.5730080930129999,0,8539,153.258671195,55.71626018550001,0.138011552169,0,0.756888110327,0.670712893362,0.6815033468389999,0.102233717376,0.0712413085603556,0,0.0767126410578,0,0.0831569093948,0.246252287757,0.649428772487,0.332953379687678,0,0.0632668061288
6039000602,39,0.8164705882350001,0,0.350104335729,0,0.120967741935,0,0.0,1,0.888914496428,0,0.888914496428,0,5161,1.4168424867299998,3642.60674586,0.432855863921,0,0.661431388133,0.500274848833,0.641518843214,0.00916999764872,0.0018437427978797,1,0.08988246139660001,0,0.014080149922,0.437540921053,0.624988457528,0.0921871398939848,0,0.017187765025200002
6039000104,39,0.964136282128,0,0.0931493346476,0,0.0640465793304,1,0.0,1,0.056185312962100005,0,0.056185312962100005,0,4773,47.8592808982,99.7298728777,0.0124050632911,1,0.7153566704340001,0.763971834919,0.688331237037,0.0391723489302,0.0729423361261705,1,0.08378511582060001,0,0.0511860790555,0.248124130106,0.677251780846,0.8033514046328241,0,0.0373720811896
6039000700,39,0.939836149514,0,0.117753474221,0,0.142477091339,0,0.0524977442375523,1,0.596013452547,0,0.596013452547,0,10776,8.38344870661,1285.38986485,0.107640161231,0,0.703794113573,0.6777122189139999,0.68857071128,0.108252997884,0.0267410384710032,1,0.09835124272,0,0.0840102056466,0.359136822917,0.618913796116,0.28996800918710497,0,0.08684344433760001
6039000509,39,1.0,0,0.129135180521,0,0.101472134595,0,0.0214945424013434,1,0.254911838791,0,0.254911838791,0,5935,82.1720352409,72.22651821390001,0.0527433628319,0,0.634312406977,0.8412847662270001,0.674339964282,0.0150952268987,0.0198152812762385,1,0.0888329135181,0,0.0749446156315,0.223055914567,0.640771460681,0.663643996641478,0,0.0516198337762
6039000507,39,0.919665576154,0,0.239391304348,0,0.0886935060929,0,0.05,1,0.663217391304,0,0.663217391304,0,10546,161.737888509,65.2042641167,0.164759065115,0,0.699727445347,0.6753197196080001,0.6974920824969999,0.0280743004938,0.00643478260869565,1,0.126434782609,0,0.0597694041396,0.418973496063,0.635974773332,0.279391304347826,0,0.0718041499406
6039000400,39,0.984415584416,0,0.147456535737,0,0.04701397712830002,0,0.0,1,0.7540244687700001,0,0.7540244687700001,0,1288,644.928321349,1.99712116427,0.230886850153,0,0.937113691374,0.966036441259,0.843173174364,0.023324711968,0.000643915003219575,1,0.0914359304572,0,0.00358377394068,0.421277465753,0.872281627643,0.232453316162267,0,0.00825465030814
6039000202,39,0.983825989961,0,0.166029582849,0,0.0997280145059,0,0.0116163292399602,1,0.462661798872,0,0.462661798872,0,6109,290.601855273,21.0218891901,0.138308075964,0,0.7100153180390001,0.655873519698,0.674335668577,0.0546437808606,0.0391636242947229,0,0.0907733156323,0,0.0581050096221,0.19714011299400008,0.652902044439,0.463491536674411,0,0.0400294001244
